"method","frequency","smape","mase","n_series"
"Smyl","Daily",3.1699,3.4463,4227
"Smyl","Hourly",9.3284,0.893,414
"Smyl","Monthly",12.1258,0.8836,48000
"Smyl","Quarterly",9.6789,1.1182,24000
"Smyl","Weekly",7.8171,2.3559,359
"Smyl","Yearly",13.1757,2.9799,23000
"Montero-Manso","Daily",3.0974,3.3445,4227
"Montero-Manso","Hourly",11.5057,0.8186,414
"Montero-Manso","Monthly",12.6395,0.8929,48000
"Montero-Manso","Quarterly",9.7329,1.1109,24000
"Montero-Manso","Weekly",7.6245,2.1076,359
"Montero-Manso","Yearly",13.5283,3.0602,23000
"Pawlikowski","Daily",2.4519,2.6421,4227
"Pawlikowski","Hourly",9.6114,0.8728,414
"Pawlikowski","Monthly",12.7468,0.905,48000
"Pawlikowski","Quarterly",9.7955,1.1254,24000
"Pawlikowski","Weekly",6.9193,2.1578,359
"Pawlikowski","Yearly",13.9432,3.13,23000
"Jaganathan","Daily",3.0372,3.2584,4227
"Jaganathan","Hourly",9.9339,0.9762,414
"Jaganathan","Monthly",12.4866,0.895,48000
"Jaganathan","Quarterly",9.8087,1.1352,24000
"Jaganathan","Weekly",6.8141,2.3498,359
"Jaganathan","Yearly",13.7122,3.1257,23000
"Fiorucci","Daily",2.985,3.1936,4227
"Fiorucci","Hourly",15.5628,1.2034,414
"Fiorucci","Monthly",12.7365,0.9072,48000
"Fiorucci","Quarterly",9.816,1.1217,24000
"Fiorucci","Weekly",8.6273,2.3678,359
"Fiorucci","Yearly",13.6726,3.0463,23000
"Petropoulos","Daily",2.9947,3.2294,4227
"Petropoulos","Hourly",13.1669,1.458,414
"Petropoulos","Monthly",12.8878,0.913,48000
"Petropoulos","Quarterly",9.8003,1.1176,24000
"Petropoulos","Weekly",6.7264,2.1326,359
"Petropoulos","Yearly",13.6689,3.0816,23000
"Shaub","Daily",3.2219,3.4785,4227
"Shaub","Hourly",13.4657,1.372,414
"Shaub","Monthly",12.8391,0.9289,48000
"Shaub","Quarterly",10.3779,1.1979,24000
"Shaub","Weekly",7.8178,2.9467,359
"Shaub","Yearly",13.6794,3.0379,23000
"Legaki","Daily",3.0408,3.2536,4227
"Legaki","Hourly",17.567,2.5574,414
"Legaki","Monthly",13.0023,0.9664,48000
"Legaki","Quarterly",10.1548,1.1983,24000
"Legaki","Weekly",9.1483,2.6012,359
"Legaki","Yearly",13.3656,3.0092,23000
"Doornik","Daily",3.0528,3.284,4227
"Doornik","Hourly",8.9128,0.8006,414
"Doornik","Monthly",12.78,0.931,48000
"Doornik","Quarterly",10.0002,1.163,24000
"Doornik","Weekly",6.7279,2.3016,359
"Doornik","Yearly",13.9097,3.2617,23000
"Pedregal","Daily",3.0258,3.2321,4227
"Pedregal","Hourly",9.7647,1.0492,414
"Pedregal","Monthly",13.1511,0.9433,48000
"Pedregal","Quarterly",10.0928,1.1635,24000
"Pedregal","Weekly",8.989,2.4877,359
"Pedregal","Yearly",13.8209,3.1845,23000
"Spiliotis","Daily",3.0275,3.2319,4227
"Spiliotis","Hourly",17.7558,1.808,414
"Spiliotis","Monthly",13.1424,0.9585,48000
"Spiliotis","Quarterly",10.1284,1.1784,24000
"Spiliotis","Weekly",8.9898,2.4878,359
"Spiliotis","Yearly",13.8035,3.1837,23000
"Roubinchtein","Daily",3.2704,3.6315,4227
"Roubinchtein","Hourly",12.8708,1.1294,414
"Roubinchtein","Monthly",12.9105,0.9208,48000
"Roubinchtein","Quarterly",10.1724,1.1593,24000
"Roubinchtein","Weekly",8.4348,2.2903,359
"Roubinchtein","Yearly",14.4451,3.2443,23000
"Ibrahim","Daily",3.0707,3.894,4227
"Ibrahim","Hourly",18.0927,2.3876,414
"Ibrahim","Monthly",13.3208,0.9773,48000
"Ibrahim","Quarterly",10.089,1.1846,24000
"Ibrahim","Weekly",9.0893,2.5832,359
"Ibrahim","Yearly",13.6769,3.0751,23000
"Tartu M4 seminar","Daily",2.8519,3.0249,4227
"Tartu M4 seminar","Hourly",13.8509,1.0576,414
"Tartu M4 seminar","Monthly",13.2902,1.0018,48000
"Tartu M4 seminar","Quarterly",11.1087,1.2505,24000
"Tartu M4 seminar","Weekly",8.5127,2.3752,359
"Tartu M4 seminar","Yearly",14.0964,3.0911,23000
"Waheeb","Daily",2.9967,3.3212,4227
"Waheeb","Hourly",12.0468,0.8612,414
"Waheeb","Monthly",12.7696,1.0287,48000
"Waheeb","Quarterly",10.0595,1.1598,24000
"Waheeb","Weekly",7.076,2.1798,359
"Waheeb","Yearly",14.7825,3.3998,23000
"Darin","Daily",3.0767,4.1284,4227
"Darin","Hourly",11.6833,0.8561,414
"Darin","Monthly",13.0579,0.9244,48000
"Darin","Quarterly",10.1546,1.1675,24000
"Darin","Weekly",6.5816,2.107,359
"Darin","Yearly",14.6628,3.4065,23000
"Dantas","Daily",3.2447,3.4364,4227
"Dantas","Hourly",16.9406,1.5976,414
"Dantas","Monthly",13.4616,0.9522,48000
"Dantas","Quarterly",10.2539,1.1704,24000
"Dantas","Weekly",8.8726,2.5341,359
"Dantas","Yearly",14.7464,3.294,23000
"Theta","Daily",3.053,3.2624,4227
"Theta","Hourly",18.1381,2.4545,414
"Theta","Monthly",13.0023,0.9695,48000
"Theta","Quarterly",10.311,1.2321,24000
"Theta","Weekly",9.093,2.6371,359
"Theta","Yearly",14.5933,3.3821,23000
"Comb","Daily",2.9797,3.2026,4227
"Comb","Hourly",22.0533,4.5819,414
"Comb","Monthly",13.434,0.9662,48000
"Comb","Quarterly",10.175,1.1732,24000
"Comb","Weekly",8.944,2.432,359
"Comb","Yearly",14.8481,3.2804,23000
"ARIMA","Daily",3.1927,3.4098,4227
"ARIMA","Hourly",13.9801,0.9427,414
"ARIMA","Monthly",13.443,0.9302,48000
"ARIMA","Quarterly",10.431,1.1648,24000
"ARIMA","Weekly",8.6532,2.5556,359
"ARIMA","Yearly",15.1681,3.4018,23000
"Nikzad","Daily",3.2658,3.5027,4227
"Nikzad","Hourly",11.3356,0.8098,414
"Nikzad","Monthly",12.9767,1.0395,48000
"Nikzad","Quarterly",10.5224,1.2001,24000
"Nikzad","Weekly",7.3089,2.2459,359
"Nikzad","Yearly",14.8008,3.3799,23000
"Damped","Daily",3.064,3.2356,4227
"Damped","Hourly",19.2653,2.9558,414
"Damped","Monthly",13.4733,0.9722,48000
"Damped","Quarterly",10.2369,1.1732,24000
"Damped","Weekly",8.8655,2.4037,359
"Damped","Yearly",15.1981,3.3788,23000
"ETS","Daily",3.046,3.2526,4227
"ETS","Hourly",17.3068,1.8239,414
"ETS","Monthly",13.5251,0.9478,48000
"ETS","Quarterly",10.2908,1.1607,24000
"ETS","Weekly",8.7266,2.527,359
"ETS","Yearly",15.3562,3.4444,23000
"Segura-Heras","Daily",3.1487,3.4792,4227
"Segura-Heras","Hourly",14.5754,1.3454,414
"Segura-Heras","Monthly",13.0071,0.9349,48000
"Segura-Heras","Quarterly",10.3975,1.2133,24000
"Segura-Heras","Weekly",9.2798,2.5409,359
"Segura-Heras","Yearly",15.3963,3.5454,23000
"Trotta","Daily",3.3122,3.4573,4227
"Trotta","Hourly",14.0065,1.213,414
"Trotta","Monthly",13.9732,0.9723,48000
"Trotta","Quarterly",11.0306,1.202,24000
"Trotta","Weekly",8.4393,2.9762,359
"Trotta","Yearly",14.3974,3.3244,23000
