dataset_id,technology,organism,condition
tenx_visium/post_xenium/human_colon_cancer,post_xenium,human,cancer
tenx_visium/post_xenium/mouse_brain,post_xenium,mouse,noncancer
tenx_visium/visium/human_brain_cancer,visium,human,cancer
tenx_visium/visium/human_breast_cancer_1,visium,human,cancer
tenx_visium/visium/human_breast_cancer_2,visium,human,cancer
tenx_visium/visium/human_cerebellum,visium,human,noncancer
tenx_visium/visium/human_cervical_cancer,visium,human,cancer
tenx_visium/visium/human_colorectal_cancer,visium,human,cancer
tenx_visium/visium/human_heart,visium,human,noncancer
tenx_visium/visium/human_intestinal_cancer,visium,human,cancer
tenx_visium/visium/human_kidney,visium,human,noncancer
tenx_visium/visium/human_lung_cancer,visium,human,cancer
tenx_visium/visium/human_lymph_node,visium,human,noncancer
tenx_visium/visium/human_normal_prostate,visium,human,noncancer
tenx_visium/visium/human_prostate_cancer,visium,human,cancer
tenx_visium/visium/human_skin_melanoma,visium,human,cancer
tenx_visium/visium/mouse_brain_coronal,visium,mouse,noncancer
tenx_visium/visium/mouse_embryo,visium,mouse,noncancer
tenx_visium/visium/mouse_kidney_v1,visium,mouse,noncancer
tenx_visium/visium/mouse_olfactory_bulb,visium,mouse,noncancer
zenodo_spatial/dbitseq/mouse_e10_brain,dbitseq,mouse,noncancer
zenodo_spatial/dbitseq/mouse_e10_eye,dbitseq,mouse,noncancer
zenodo_spatial/dbitseq/mouse_e10_whole_body,dbitseq,mouse,noncancer
zenodo_spatial/dbitseq/mouse_e11_1,dbitseq,mouse,noncancer
zenodo_spatial/dbitseq/mouse_e11_2,dbitseq,mouse,noncancer
zenodo_spatial/dbitseq/mouse_e11_lower_body,dbitseq,mouse,noncancer
zenodo_spatial/merfish/human_cortex_1,merfish,human,noncancer
zenodo_spatial/merfish/human_cortex_2,merfish,human,noncancer
zenodo_spatial/merfish/human_cortex_3,merfish,human,noncancer
zenodo_spatial/merfish/human_cortex_4,merfish,human,noncancer
zenodo_spatial/merfish/mouse_cortex,merfish,mouse,noncancer
zenodo_spatial/seqfish/mouse_organogenesis_seqfish,seqfish,mouse,noncancer
zenodo_spatial/slideseqv2/mouse_cerebellum,slideseqv2,mouse,noncancer
zenodo_spatial/slideseqv2/mouse_cortex,slideseqv2,mouse,noncancer
zenodo_spatial/slideseqv2/mouse_hippocampus_puck,slideseqv2,mouse,noncancer
zenodo_spatial/slideseqv2/mouse_olfactory_bulb_puck,slideseqv2,mouse,noncancer
zenodo_spatial/slideseqv2/mouse_somatosensory_cortex_puck,slideseqv2,mouse,noncancer
zenodo_spatial/starmap/mouse_brain_2d_zstep10_0,starmap,mouse,noncancer
zenodo_spatial/starmap/mouse_brain_2d_zstep15_0,starmap,mouse,noncancer
zenodo_spatial/stereoseq/drosophila_embryo_e10,stereoseq,drosophila,noncancer
zenodo_spatial/stereoseq/drosophila_embryo_e5_6,stereoseq,drosophila,noncancer
zenodo_spatial/stereoseq/drosophila_embryo_e6_3,stereoseq,drosophila,noncancer
zenodo_spatial/stereoseq/drosophila_embryo_e7,stereoseq,drosophila,noncancer
zenodo_spatial/stereoseq/drosophila_embryo_e9_1,stereoseq,drosophila,noncancer
zenodo_spatial/visium/human_heart_myocardial_infarction_1,visium,human,noncancer
zenodo_spatial/visium/human_heart_myocardial_infarction_2,visium,human,noncancer
zenodo_spatial_slidetags/slidetags/human_cortex,slidetags,human,noncancer
zenodo_spatial_slidetags/slidetags/human_skin_melanoma,slidetags,human,cancer
zenodo_spatial_slidetags/slidetags/human_tonsil,slidetags,human,noncancer
zenodo_spatial_slidetags/slidetags/mouse_embryo,slidetags,mouse,noncancer
