method_id,dataset_id,metric_id,score
boostgp,tenx_visium/post_xenium/human_colon_cancer,correlation,
boostgp,tenx_visium/post_xenium/mouse_brain,correlation,
boostgp,tenx_visium/visium/human_brain_cancer,correlation,
boostgp,tenx_visium/visium/human_breast_cancer_1,correlation,
boostgp,tenx_visium/visium/human_breast_cancer_2,correlation,
boostgp,tenx_visium/visium/human_cerebellum,correlation,
boostgp,tenx_visium/visium/human_cervical_cancer,correlation,
boostgp,tenx_visium/visium/human_colorectal_cancer,correlation,
boostgp,tenx_visium/visium/human_heart,correlation,
boostgp,tenx_visium/visium/human_intestinal_cancer,correlation,
boostgp,tenx_visium/visium/human_kidney,correlation,
boostgp,tenx_visium/visium/human_lung_cancer,correlation,
boostgp,tenx_visium/visium/human_lymph_node,correlation,
boostgp,tenx_visium/visium/human_normal_prostate,correlation,
boostgp,tenx_visium/visium/human_prostate_cancer,correlation,
boostgp,tenx_visium/visium/human_skin_melanoma,correlation,
boostgp,tenx_visium/visium/mouse_brain_coronal,correlation,
boostgp,tenx_visium/visium/mouse_embryo,correlation,
boostgp,tenx_visium/visium/mouse_kidney_v1,correlation,-0.0166
boostgp,tenx_visium/visium/mouse_olfactory_bulb,correlation,0.0302
boostgp,zenodo_spatial/dbitseq/mouse_e10_brain,correlation,-0.1852
boostgp,zenodo_spatial/dbitseq/mouse_e10_eye,correlation,
boostgp,zenodo_spatial/dbitseq/mouse_e10_whole_body,correlation,-0.0717
boostgp,zenodo_spatial/dbitseq/mouse_e11_1,correlation,-0.0034
boostgp,zenodo_spatial/dbitseq/mouse_e11_2,correlation,-0.081
boostgp,zenodo_spatial/dbitseq/mouse_e11_lower_body,correlation,-0.0099
boostgp,zenodo_spatial/merfish/human_cortex_1,correlation,
boostgp,zenodo_spatial/merfish/human_cortex_2,correlation,
boostgp,zenodo_spatial/merfish/human_cortex_3,correlation,
boostgp,zenodo_spatial/merfish/human_cortex_4,correlation,
boostgp,zenodo_spatial/merfish/mouse_cortex,correlation,
boostgp,zenodo_spatial/seqfish/mouse_organogenesis_seqfish,correlation,
boostgp,zenodo_spatial/slideseqv2/mouse_cerebellum,correlation,
boostgp,zenodo_spatial/slideseqv2/mouse_cortex,correlation,
boostgp,zenodo_spatial/slideseqv2/mouse_hippocampus_puck,correlation,
boostgp,zenodo_spatial/slideseqv2/mouse_olfactory_bulb_puck,correlation,
boostgp,zenodo_spatial/slideseqv2/mouse_somatosensory_cortex_puck,correlation,
boostgp,zenodo_spatial/starmap/mouse_brain_2d_zstep10_0,correlation,
boostgp,zenodo_spatial/starmap/mouse_brain_2d_zstep15_0,correlation,
boostgp,zenodo_spatial/stereoseq/drosophila_embryo_e10,correlation,0
boostgp,zenodo_spatial/stereoseq/drosophila_embryo_e5_6,correlation,-0.0617
boostgp,zenodo_spatial/stereoseq/drosophila_embryo_e6_3,correlation,
boostgp,zenodo_spatial/stereoseq/drosophila_embryo_e7,correlation,-0.0309
boostgp,zenodo_spatial/stereoseq/drosophila_embryo_e9_1,correlation,0.216
boostgp,zenodo_spatial/visium/human_heart_myocardial_infarction_1,correlation,
boostgp,zenodo_spatial/visium/human_heart_myocardial_infarction_2,correlation,
boostgp,zenodo_spatial_slidetags/slidetags/human_cortex,correlation,
boostgp,zenodo_spatial_slidetags/slidetags/human_skin_melanoma,correlation,
boostgp,zenodo_spatial_slidetags/slidetags/human_tonsil,correlation,
boostgp,zenodo_spatial_slidetags/slidetags/mouse_embryo,correlation,
gpcounts,tenx_visium/post_xenium/human_colon_cancer,correlation,0.7528
gpcounts,tenx_visium/post_xenium/mouse_brain,correlation,0.9775
gpcounts,tenx_visium/visium/human_brain_cancer,correlation,0.9215
gpcounts,tenx_visium/visium/human_breast_cancer_1,correlation,0.496
gpcounts,tenx_visium/visium/human_breast_cancer_2,correlation,0.6204
gpcounts,tenx_visium/visium/human_cerebellum,correlation,0.3223
gpcounts,tenx_visium/visium/human_cervical_cancer,correlation,0.708
gpcounts,tenx_visium/visium/human_colorectal_cancer,correlation,0.935
gpcounts,tenx_visium/visium/human_heart,correlation,0.4606
gpcounts,tenx_visium/visium/human_intestinal_cancer,correlation,0.8408
gpcounts,tenx_visium/visium/human_kidney,correlation,0.3299
gpcounts,tenx_visium/visium/human_lung_cancer,correlation,0.6265
gpcounts,tenx_visium/visium/human_lymph_node,correlation,0.7368
gpcounts,tenx_visium/visium/human_normal_prostate,correlation,0.905
gpcounts,tenx_visium/visium/human_prostate_cancer,correlation,0.8095
gpcounts,tenx_visium/visium/human_skin_melanoma,correlation,0.5792
gpcounts,tenx_visium/visium/mouse_brain_coronal,correlation,0.9579
gpcounts,tenx_visium/visium/mouse_embryo,correlation,0.8884
gpcounts,tenx_visium/visium/mouse_kidney_v1,correlation,0.7061
gpcounts,tenx_visium/visium/mouse_olfactory_bulb,correlation,0.6655
gpcounts,zenodo_spatial/dbitseq/mouse_e10_brain,correlation,0.8105
gpcounts,zenodo_spatial/dbitseq/mouse_e10_eye,correlation,0.7855
gpcounts,zenodo_spatial/dbitseq/mouse_e10_whole_body,correlation,0.8069
gpcounts,zenodo_spatial/dbitseq/mouse_e11_1,correlation,0.6688
gpcounts,zenodo_spatial/dbitseq/mouse_e11_2,correlation,0.8181
gpcounts,zenodo_spatial/dbitseq/mouse_e11_lower_body,correlation,0.9333
gpcounts,zenodo_spatial/merfish/human_cortex_1,correlation,0.693
gpcounts,zenodo_spatial/merfish/human_cortex_2,correlation,0.6672
gpcounts,zenodo_spatial/merfish/human_cortex_3,correlation,0.8844
gpcounts,zenodo_spatial/merfish/human_cortex_4,correlation,0.8695
gpcounts,zenodo_spatial/merfish/mouse_cortex,correlation,
gpcounts,zenodo_spatial/seqfish/mouse_organogenesis_seqfish,correlation,0.9912
gpcounts,zenodo_spatial/slideseqv2/mouse_cerebellum,correlation,0.96
gpcounts,zenodo_spatial/slideseqv2/mouse_cortex,correlation,0.7076
gpcounts,zenodo_spatial/slideseqv2/mouse_hippocampus_puck,correlation,0.9886
gpcounts,zenodo_spatial/slideseqv2/mouse_olfactory_bulb_puck,correlation,0.9333
gpcounts,zenodo_spatial/slideseqv2/mouse_somatosensory_cortex_puck,correlation,0.9371
gpcounts,zenodo_spatial/starmap/mouse_brain_2d_zstep10_0,correlation,
gpcounts,zenodo_spatial/starmap/mouse_brain_2d_zstep15_0,correlation,
gpcounts,zenodo_spatial/stereoseq/drosophila_embryo_e10,correlation,0.7537
gpcounts,zenodo_spatial/stereoseq/drosophila_embryo_e5_6,correlation,0.8497
gpcounts,zenodo_spatial/stereoseq/drosophila_embryo_e6_3,correlation,0.8059
gpcounts,zenodo_spatial/stereoseq/drosophila_embryo_e7,correlation,0.7678
gpcounts,zenodo_spatial/stereoseq/drosophila_embryo_e9_1,correlation,0.7583
gpcounts,zenodo_spatial/visium/human_heart_myocardial_infarction_1,correlation,0.087
gpcounts,zenodo_spatial/visium/human_heart_myocardial_infarction_2,correlation,0.8213
gpcounts,zenodo_spatial_slidetags/slidetags/human_cortex,correlation,0.5642
gpcounts,zenodo_spatial_slidetags/slidetags/human_skin_melanoma,correlation,0.228
gpcounts,zenodo_spatial_slidetags/slidetags/human_tonsil,correlation,0.497
gpcounts,zenodo_spatial_slidetags/slidetags/mouse_embryo,correlation,0.9377
moran_i,tenx_visium/post_xenium/human_colon_cancer,correlation,0.9442
moran_i,tenx_visium/post_xenium/mouse_brain,correlation,0.988
moran_i,tenx_visium/visium/human_brain_cancer,correlation,0.941
moran_i,tenx_visium/visium/human_breast_cancer_1,correlation,0.6171
moran_i,tenx_visium/visium/human_breast_cancer_2,correlation,0.6905
moran_i,tenx_visium/visium/human_cerebellum,correlation,0.5989
moran_i,tenx_visium/visium/human_cervical_cancer,correlation,0.8135
moran_i,tenx_visium/visium/human_colorectal_cancer,correlation,0.9825
moran_i,tenx_visium/visium/human_heart,correlation,0.4672
moran_i,tenx_visium/visium/human_intestinal_cancer,correlation,0.8638
moran_i,tenx_visium/visium/human_kidney,correlation,0.56
moran_i,tenx_visium/visium/human_lung_cancer,correlation,0.7585
moran_i,tenx_visium/visium/human_lymph_node,correlation,0.8341
moran_i,tenx_visium/visium/human_normal_prostate,correlation,0.883
moran_i,tenx_visium/visium/human_prostate_cancer,correlation,0.844
moran_i,tenx_visium/visium/human_skin_melanoma,correlation,0.9063
moran_i,tenx_visium/visium/mouse_brain_coronal,correlation,0.972
moran_i,tenx_visium/visium/mouse_embryo,correlation,0.9804
moran_i,tenx_visium/visium/mouse_kidney_v1,correlation,0.7518
moran_i,tenx_visium/visium/mouse_olfactory_bulb,correlation,0.7295
moran_i,zenodo_spatial/dbitseq/mouse_e10_brain,correlation,0.6773
moran_i,zenodo_spatial/dbitseq/mouse_e10_eye,correlation,0.7467
moran_i,zenodo_spatial/dbitseq/mouse_e10_whole_body,correlation,0.7867
moran_i,zenodo_spatial/dbitseq/mouse_e11_1,correlation,0.7097
moran_i,zenodo_spatial/dbitseq/mouse_e11_2,correlation,0.7825
moran_i,zenodo_spatial/dbitseq/mouse_e11_lower_body,correlation,0.9078
moran_i,zenodo_spatial/merfish/human_cortex_1,correlation,0.5669
moran_i,zenodo_spatial/merfish/human_cortex_2,correlation,0.5288
moran_i,zenodo_spatial/merfish/human_cortex_3,correlation,0.817
moran_i,zenodo_spatial/merfish/human_cortex_4,correlation,0.7537
moran_i,zenodo_spatial/merfish/mouse_cortex,correlation,0.9501
moran_i,zenodo_spatial/seqfish/mouse_organogenesis_seqfish,correlation,0.9897
moran_i,zenodo_spatial/slideseqv2/mouse_cerebellum,correlation,0.9429
moran_i,zenodo_spatial/slideseqv2/mouse_cortex,correlation,0.8533
moran_i,zenodo_spatial/slideseqv2/mouse_hippocampus_puck,correlation,0.9752
moran_i,zenodo_spatial/slideseqv2/mouse_olfactory_bulb_puck,correlation,0.9219
moran_i,zenodo_spatial/slideseqv2/mouse_somatosensory_cortex_puck,correlation,0.9705
moran_i,zenodo_spatial/starmap/mouse_brain_2d_zstep10_0,correlation,0.8731
moran_i,zenodo_spatial/starmap/mouse_brain_2d_zstep15_0,correlation,0.8918
moran_i,zenodo_spatial/stereoseq/drosophila_embryo_e10,correlation,0.6884
moran_i,zenodo_spatial/stereoseq/drosophila_embryo_e5_6,correlation,0.748
moran_i,zenodo_spatial/stereoseq/drosophila_embryo_e6_3,correlation,0.7076
moran_i,zenodo_spatial/stereoseq/drosophila_embryo_e7,correlation,0.7183
moran_i,zenodo_spatial/stereoseq/drosophila_embryo_e9_1,correlation,0.6768
moran_i,zenodo_spatial/visium/human_heart_myocardial_infarction_1,correlation,0.2735
moran_i,zenodo_spatial/visium/human_heart_myocardial_infarction_2,correlation,0.8608
moran_i,zenodo_spatial_slidetags/slidetags/human_cortex,correlation,0.533
moran_i,zenodo_spatial_slidetags/slidetags/human_skin_melanoma,correlation,0.2069
moran_i,zenodo_spatial_slidetags/slidetags/human_tonsil,correlation,0.7276
moran_i,zenodo_spatial_slidetags/slidetags/mouse_embryo,correlation,0.9112
nnsvg,tenx_visium/post_xenium/human_colon_cancer,correlation,0.9522
nnsvg,tenx_visium/post_xenium/mouse_brain,correlation,0.988
nnsvg,tenx_visium/visium/human_brain_cancer,correlation,0.9425
nnsvg,tenx_visium/visium/human_breast_cancer_1,correlation,0.6229
nnsvg,tenx_visium/visium/human_breast_cancer_2,correlation,0.7006
nnsvg,tenx_visium/visium/human_cerebellum,correlation,0.6013
nnsvg,tenx_visium/visium/human_cervical_cancer,correlation,0.8149
nnsvg,tenx_visium/visium/human_colorectal_cancer,correlation,0.9878
nnsvg,tenx_visium/visium/human_heart,correlation,0.4893
nnsvg,tenx_visium/visium/human_intestinal_cancer,correlation,0.879
nnsvg,tenx_visium/visium/human_kidney,correlation,0.5834
nnsvg,tenx_visium/visium/human_lung_cancer,correlation,0.7821
nnsvg,tenx_visium/visium/human_lymph_node,correlation,0.8469
nnsvg,tenx_visium/visium/human_normal_prostate,correlation,0.8968
nnsvg,tenx_visium/visium/human_prostate_cancer,correlation,0.8507
nnsvg,tenx_visium/visium/human_skin_melanoma,correlation,0.9027
nnsvg,tenx_visium/visium/mouse_brain_coronal,correlation,0.9775
nnsvg,tenx_visium/visium/mouse_embryo,correlation,0.9922
nnsvg,tenx_visium/visium/mouse_kidney_v1,correlation,0.7526
nnsvg,tenx_visium/visium/mouse_olfactory_bulb,correlation,0.7389
nnsvg,zenodo_spatial/dbitseq/mouse_e10_brain,correlation,0.7427
nnsvg,zenodo_spatial/dbitseq/mouse_e10_eye,correlation,0.7714
nnsvg,zenodo_spatial/dbitseq/mouse_e10_whole_body,correlation,0.8055
nnsvg,zenodo_spatial/dbitseq/mouse_e11_1,correlation,0.7495
nnsvg,zenodo_spatial/dbitseq/mouse_e11_2,correlation,0.8269
nnsvg,zenodo_spatial/dbitseq/mouse_e11_lower_body,correlation,0.9272
nnsvg,zenodo_spatial/merfish/human_cortex_1,correlation,0.6366
nnsvg,zenodo_spatial/merfish/human_cortex_2,correlation,0.5884
nnsvg,zenodo_spatial/merfish/human_cortex_3,correlation,0.872
nnsvg,zenodo_spatial/merfish/human_cortex_4,correlation,0.8069
nnsvg,zenodo_spatial/merfish/mouse_cortex,correlation,
nnsvg,zenodo_spatial/seqfish/mouse_organogenesis_seqfish,correlation,0.992
nnsvg,zenodo_spatial/slideseqv2/mouse_cerebellum,correlation,0.9667
nnsvg,zenodo_spatial/slideseqv2/mouse_cortex,correlation,0.8695
nnsvg,zenodo_spatial/slideseqv2/mouse_hippocampus_puck,correlation,0.9876
nnsvg,zenodo_spatial/slideseqv2/mouse_olfactory_bulb_puck,correlation,0.939
nnsvg,zenodo_spatial/slideseqv2/mouse_somatosensory_cortex_puck,correlation,0.9667
nnsvg,zenodo_spatial/starmap/mouse_brain_2d_zstep10_0,correlation,0.8811
nnsvg,zenodo_spatial/starmap/mouse_brain_2d_zstep15_0,correlation,0.8941
nnsvg,zenodo_spatial/stereoseq/drosophila_embryo_e10,correlation,0.7318
nnsvg,zenodo_spatial/stereoseq/drosophila_embryo_e5_6,correlation,0.7928
nnsvg,zenodo_spatial/stereoseq/drosophila_embryo_e6_3,correlation,0.7598
nnsvg,zenodo_spatial/stereoseq/drosophila_embryo_e7,correlation,0.7625
nnsvg,zenodo_spatial/stereoseq/drosophila_embryo_e9_1,correlation,0.7297
nnsvg,zenodo_spatial/visium/human_heart_myocardial_infarction_1,correlation,0.3008
nnsvg,zenodo_spatial/visium/human_heart_myocardial_infarction_2,correlation,0.879
nnsvg,zenodo_spatial_slidetags/slidetags/human_cortex,correlation,0.6067
nnsvg,zenodo_spatial_slidetags/slidetags/human_skin_melanoma,correlation,0.3248
nnsvg,zenodo_spatial_slidetags/slidetags/human_tonsil,correlation,0.755
nnsvg,zenodo_spatial_slidetags/slidetags/mouse_embryo,correlation,0.9276
scgco,tenx_visium/post_xenium/human_colon_cancer,correlation,0.651
scgco,tenx_visium/post_xenium/mouse_brain,correlation,0.6659
scgco,tenx_visium/visium/human_brain_cancer,correlation,0.4437
scgco,tenx_visium/visium/human_breast_cancer_1,correlation,0.3443
scgco,tenx_visium/visium/human_breast_cancer_2,correlation,0.4581
scgco,tenx_visium/visium/human_cerebellum,correlation,0.4943
scgco,tenx_visium/visium/human_cervical_cancer,correlation,0.4477
scgco,tenx_visium/visium/human_colorectal_cancer,correlation,0.578
scgco,tenx_visium/visium/human_heart,correlation,0.4728
scgco,tenx_visium/visium/human_intestinal_cancer,correlation,0.7192
scgco,tenx_visium/visium/human_kidney,correlation,0.488
scgco,tenx_visium/visium/human_lung_cancer,correlation,0.6213
scgco,tenx_visium/visium/human_lymph_node,correlation,0.5063
scgco,tenx_visium/visium/human_normal_prostate,correlation,0.5836
scgco,tenx_visium/visium/human_prostate_cancer,correlation,0.6278
scgco,tenx_visium/visium/human_skin_melanoma,correlation,0.5475
scgco,tenx_visium/visium/mouse_brain_coronal,correlation,0.5906
scgco,tenx_visium/visium/mouse_embryo,correlation,0.6224
scgco,tenx_visium/visium/mouse_kidney_v1,correlation,0.4081
scgco,tenx_visium/visium/mouse_olfactory_bulb,correlation,0.6054
scgco,zenodo_spatial/dbitseq/mouse_e10_brain,correlation,0.5271
scgco,zenodo_spatial/dbitseq/mouse_e10_eye,correlation,0.5321
scgco,zenodo_spatial/dbitseq/mouse_e10_whole_body,correlation,0.6303
scgco,zenodo_spatial/dbitseq/mouse_e11_1,correlation,0.4253
scgco,zenodo_spatial/dbitseq/mouse_e11_2,correlation,0.5823
scgco,zenodo_spatial/dbitseq/mouse_e11_lower_body,correlation,0.6745
scgco,zenodo_spatial/merfish/human_cortex_1,correlation,0.1138
scgco,zenodo_spatial/merfish/human_cortex_2,correlation,0.2304
scgco,zenodo_spatial/merfish/human_cortex_3,correlation,0.5709
scgco,zenodo_spatial/merfish/human_cortex_4,correlation,0.3661
scgco,zenodo_spatial/merfish/mouse_cortex,correlation,0.5708
scgco,zenodo_spatial/seqfish/mouse_organogenesis_seqfish,correlation,0.721
scgco,zenodo_spatial/slideseqv2/mouse_cerebellum,correlation,0.5569
scgco,zenodo_spatial/slideseqv2/mouse_cortex,correlation,0.6446
scgco,zenodo_spatial/slideseqv2/mouse_hippocampus_puck,correlation,0.7101
scgco,zenodo_spatial/slideseqv2/mouse_olfactory_bulb_puck,correlation,0.5337
scgco,zenodo_spatial/slideseqv2/mouse_somatosensory_cortex_puck,correlation,0.5536
scgco,zenodo_spatial/starmap/mouse_brain_2d_zstep10_0,correlation,0.6806
scgco,zenodo_spatial/starmap/mouse_brain_2d_zstep15_0,correlation,0.6498
scgco,zenodo_spatial/stereoseq/drosophila_embryo_e10,correlation,0.4131
scgco,zenodo_spatial/stereoseq/drosophila_embryo_e5_6,correlation,0.4939
scgco,zenodo_spatial/stereoseq/drosophila_embryo_e6_3,correlation,0.5096
scgco,zenodo_spatial/stereoseq/drosophila_embryo_e7,correlation,0.4793
scgco,zenodo_spatial/stereoseq/drosophila_embryo_e9_1,correlation,0.4539
scgco,zenodo_spatial/visium/human_heart_myocardial_infarction_1,correlation,0.2152
scgco,zenodo_spatial/visium/human_heart_myocardial_infarction_2,correlation,0.6815
scgco,zenodo_spatial_slidetags/slidetags/human_cortex,correlation,0.3773
scgco,zenodo_spatial_slidetags/slidetags/human_skin_melanoma,correlation,-0.0617
scgco,zenodo_spatial_slidetags/slidetags/human_tonsil,correlation,0.2809
scgco,zenodo_spatial_slidetags/slidetags/mouse_embryo,correlation,0.7066
sepal,tenx_visium/post_xenium/human_colon_cancer,correlation,0.396
sepal,tenx_visium/post_xenium/mouse_brain,correlation,0.2953
sepal,tenx_visium/visium/human_brain_cancer,correlation,-0.5852
sepal,tenx_visium/visium/human_breast_cancer_1,correlation,-0.1162
sepal,tenx_visium/visium/human_breast_cancer_2,correlation,0.1397
sepal,tenx_visium/visium/human_cerebellum,correlation,0.087
sepal,tenx_visium/visium/human_cervical_cancer,correlation,-0.0332
sepal,tenx_visium/visium/human_colorectal_cancer,correlation,-0.2998
sepal,tenx_visium/visium/human_heart,correlation,0.0275
sepal,tenx_visium/visium/human_intestinal_cancer,correlation,-0.1473
sepal,tenx_visium/visium/human_kidney,correlation,0.1349
sepal,tenx_visium/visium/human_lung_cancer,correlation,-0.1302
sepal,tenx_visium/visium/human_lymph_node,correlation,-0.5005
sepal,tenx_visium/visium/human_normal_prostate,correlation,0.3194
sepal,tenx_visium/visium/human_prostate_cancer,correlation,0.1606
sepal,tenx_visium/visium/human_skin_melanoma,correlation,0.0177
sepal,tenx_visium/visium/mouse_brain_coronal,correlation,0.4764
sepal,tenx_visium/visium/mouse_embryo,correlation,0.6947
sepal,tenx_visium/visium/mouse_kidney_v1,correlation,0.1852
sepal,tenx_visium/visium/mouse_olfactory_bulb,correlation,0.1638
sepal,zenodo_spatial/dbitseq/mouse_e10_brain,correlation,0.3046
sepal,zenodo_spatial/dbitseq/mouse_e10_eye,correlation,0.3864
sepal,zenodo_spatial/dbitseq/mouse_e10_whole_body,correlation,0.3774
sepal,zenodo_spatial/dbitseq/mouse_e11_1,correlation,0.3623
sepal,zenodo_spatial/dbitseq/mouse_e11_2,correlation,0.3967
sepal,zenodo_spatial/dbitseq/mouse_e11_lower_body,correlation,0.6445
sepal,zenodo_spatial/merfish/human_cortex_1,correlation,0.0549
sepal,zenodo_spatial/merfish/human_cortex_2,correlation,0.0919
sepal,zenodo_spatial/merfish/human_cortex_3,correlation,0.0037
sepal,zenodo_spatial/merfish/human_cortex_4,correlation,0.0147
sepal,zenodo_spatial/merfish/mouse_cortex,correlation,0.4125
sepal,zenodo_spatial/seqfish/mouse_organogenesis_seqfish,correlation,0.4465
sepal,zenodo_spatial/slideseqv2/mouse_cerebellum,correlation,0.0644
sepal,zenodo_spatial/slideseqv2/mouse_cortex,correlation,0.6081
sepal,zenodo_spatial/slideseqv2/mouse_hippocampus_puck,correlation,0.4683
sepal,zenodo_spatial/slideseqv2/mouse_olfactory_bulb_puck,correlation,0.0863
sepal,zenodo_spatial/slideseqv2/mouse_somatosensory_cortex_puck,correlation,0.0476
sepal,zenodo_spatial/starmap/mouse_brain_2d_zstep10_0,correlation,-0.6028
sepal,zenodo_spatial/starmap/mouse_brain_2d_zstep15_0,correlation,-0.6864
sepal,zenodo_spatial/stereoseq/drosophila_embryo_e10,correlation,
sepal,zenodo_spatial/stereoseq/drosophila_embryo_e5_6,correlation,
sepal,zenodo_spatial/stereoseq/drosophila_embryo_e6_3,correlation,
sepal,zenodo_spatial/stereoseq/drosophila_embryo_e7,correlation,
sepal,zenodo_spatial/stereoseq/drosophila_embryo_e9_1,correlation,
sepal,zenodo_spatial/visium/human_heart_myocardial_infarction_1,correlation,-0.0319
sepal,zenodo_spatial/visium/human_heart_myocardial_infarction_2,correlation,0.0374
sepal,zenodo_spatial_slidetags/slidetags/human_cortex,correlation,0.2002
sepal,zenodo_spatial_slidetags/slidetags/human_skin_melanoma,correlation,0.0051
sepal,zenodo_spatial_slidetags/slidetags/human_tonsil,correlation,0.4777
sepal,zenodo_spatial_slidetags/slidetags/mouse_embryo,correlation,0.0971
somde,tenx_visium/post_xenium/human_colon_cancer,correlation,0.6855
somde,tenx_visium/post_xenium/mouse_brain,correlation,0.7762
somde,tenx_visium/visium/human_brain_cancer,correlation,0.8861
somde,tenx_visium/visium/human_breast_cancer_1,correlation,0.6217
somde,tenx_visium/visium/human_breast_cancer_2,correlation,0.3409
somde,tenx_visium/visium/human_cerebellum,correlation,0.2777
somde,tenx_visium/visium/human_cervical_cancer,correlation,0.7584
somde,tenx_visium/visium/human_colorectal_cancer,correlation,0.8531
somde,tenx_visium/visium/human_heart,correlation,0.4289
somde,tenx_visium/visium/human_intestinal_cancer,correlation,0.7085
somde,tenx_visium/visium/human_kidney,correlation,0.3839
somde,tenx_visium/visium/human_lung_cancer,correlation,0.7202
somde,tenx_visium/visium/human_lymph_node,correlation,0.7978
somde,tenx_visium/visium/human_normal_prostate,correlation,0.6158
somde,tenx_visium/visium/human_prostate_cancer,correlation,0.6698
somde,tenx_visium/visium/human_skin_melanoma,correlation,0.6021
somde,tenx_visium/visium/mouse_brain_coronal,correlation,0.5256
somde,tenx_visium/visium/mouse_embryo,correlation,0.4211
somde,tenx_visium/visium/mouse_kidney_v1,correlation,0.5508
somde,tenx_visium/visium/mouse_olfactory_bulb,correlation,0.3815
somde,zenodo_spatial/dbitseq/mouse_e10_brain,correlation,0.4461
somde,zenodo_spatial/dbitseq/mouse_e10_eye,correlation,0.5769
somde,zenodo_spatial/dbitseq/mouse_e10_whole_body,correlation,0.2517
somde,zenodo_spatial/dbitseq/mouse_e11_1,correlation,0.4425
somde,zenodo_spatial/dbitseq/mouse_e11_2,correlation,0.5928
somde,zenodo_spatial/dbitseq/mouse_e11_lower_body,correlation,0.6236
somde,zenodo_spatial/merfish/human_cortex_1,correlation,0.4564
somde,zenodo_spatial/merfish/human_cortex_2,correlation,0.2794
somde,zenodo_spatial/merfish/human_cortex_3,correlation,0.5081
somde,zenodo_spatial/merfish/human_cortex_4,correlation,0.5114
somde,zenodo_spatial/merfish/mouse_cortex,correlation,0.7204
somde,zenodo_spatial/seqfish/mouse_organogenesis_seqfish,correlation,0.7425
somde,zenodo_spatial/slideseqv2/mouse_cerebellum,correlation,0.8695
somde,zenodo_spatial/slideseqv2/mouse_cortex,correlation,
somde,zenodo_spatial/slideseqv2/mouse_hippocampus_puck,correlation,0.8686
somde,zenodo_spatial/slideseqv2/mouse_olfactory_bulb_puck,correlation,0.7333
somde,zenodo_spatial/slideseqv2/mouse_somatosensory_cortex_puck,correlation,0.7857
somde,zenodo_spatial/starmap/mouse_brain_2d_zstep10_0,correlation,0.6684
somde,zenodo_spatial/starmap/mouse_brain_2d_zstep15_0,correlation,0.7134
somde,zenodo_spatial/stereoseq/drosophila_embryo_e10,correlation,
somde,zenodo_spatial/stereoseq/drosophila_embryo_e5_6,correlation,
somde,zenodo_spatial/stereoseq/drosophila_embryo_e6_3,correlation,
somde,zenodo_spatial/stereoseq/drosophila_embryo_e7,correlation,
somde,zenodo_spatial/stereoseq/drosophila_embryo_e9_1,correlation,
somde,zenodo_spatial/visium/human_heart_myocardial_infarction_1,correlation,0.3653
somde,zenodo_spatial/visium/human_heart_myocardial_infarction_2,correlation,0.6825
somde,zenodo_spatial_slidetags/slidetags/human_cortex,correlation,0.2734
somde,zenodo_spatial_slidetags/slidetags/human_skin_melanoma,correlation,0.0817
somde,zenodo_spatial_slidetags/slidetags/human_tonsil,correlation,0.2392
somde,zenodo_spatial_slidetags/slidetags/mouse_embryo,correlation,0.7029
spagcn,tenx_visium/post_xenium/human_colon_cancer,correlation,-0.2189
spagcn,tenx_visium/post_xenium/mouse_brain,correlation,0.3162
spagcn,tenx_visium/visium/human_brain_cancer,correlation,-0.2283
spagcn,tenx_visium/visium/human_breast_cancer_1,correlation,-0.0689
spagcn,tenx_visium/visium/human_breast_cancer_2,correlation,-0.0175
spagcn,tenx_visium/visium/human_cerebellum,correlation,-0.0454
spagcn,tenx_visium/visium/human_cervical_cancer,correlation,0.2596
spagcn,tenx_visium/visium/human_colorectal_cancer,correlation,-0.2587
spagcn,tenx_visium/visium/human_heart,correlation,-0.0497
spagcn,tenx_visium/visium/human_intestinal_cancer,correlation,0.24
spagcn,tenx_visium/visium/human_kidney,correlation,0.0802
spagcn,tenx_visium/visium/human_lung_cancer,correlation,0.0007
spagcn,tenx_visium/visium/human_lymph_node,correlation,-0.2629
spagcn,tenx_visium/visium/human_normal_prostate,correlation,0.257
spagcn,tenx_visium/visium/human_prostate_cancer,correlation,0.2536
spagcn,tenx_visium/visium/human_skin_melanoma,correlation,-0.0841
spagcn,tenx_visium/visium/mouse_brain_coronal,correlation,0.1065
spagcn,tenx_visium/visium/mouse_embryo,correlation,0.1559
spagcn,tenx_visium/visium/mouse_kidney_v1,correlation,0.0457
spagcn,tenx_visium/visium/mouse_olfactory_bulb,correlation,0.2546
spagcn,zenodo_spatial/dbitseq/mouse_e10_brain,correlation,0.0642
spagcn,zenodo_spatial/dbitseq/mouse_e10_eye,correlation,-0.0511
spagcn,zenodo_spatial/dbitseq/mouse_e10_whole_body,correlation,0.1818
spagcn,zenodo_spatial/dbitseq/mouse_e11_1,correlation,0.079
spagcn,zenodo_spatial/dbitseq/mouse_e11_2,correlation,-0.2665
spagcn,zenodo_spatial/dbitseq/mouse_e11_lower_body,correlation,-0.0726
spagcn,zenodo_spatial/merfish/human_cortex_1,correlation,-0.2231
spagcn,zenodo_spatial/merfish/human_cortex_2,correlation,0.1224
spagcn,zenodo_spatial/merfish/human_cortex_3,correlation,-0.1147
spagcn,zenodo_spatial/merfish/human_cortex_4,correlation,0.1786
spagcn,zenodo_spatial/merfish/mouse_cortex,correlation,0.0373
spagcn,zenodo_spatial/seqfish/mouse_organogenesis_seqfish,correlation,
spagcn,zenodo_spatial/slideseqv2/mouse_cerebellum,correlation,-0.0324
spagcn,zenodo_spatial/slideseqv2/mouse_cortex,correlation,-0.0324
spagcn,zenodo_spatial/slideseqv2/mouse_hippocampus_puck,correlation,-0.0324
spagcn,zenodo_spatial/slideseqv2/mouse_olfactory_bulb_puck,correlation,-0.0324
spagcn,zenodo_spatial/slideseqv2/mouse_somatosensory_cortex_puck,correlation,-0.0324
spagcn,zenodo_spatial/starmap/mouse_brain_2d_zstep10_0,correlation,-0.1211
spagcn,zenodo_spatial/starmap/mouse_brain_2d_zstep15_0,correlation,0.214
spagcn,zenodo_spatial/stereoseq/drosophila_embryo_e10,correlation,0.4969
spagcn,zenodo_spatial/stereoseq/drosophila_embryo_e5_6,correlation,0.7363
spagcn,zenodo_spatial/stereoseq/drosophila_embryo_e6_3,correlation,0.6501
spagcn,zenodo_spatial/stereoseq/drosophila_embryo_e7,correlation,0.6076
spagcn,zenodo_spatial/stereoseq/drosophila_embryo_e9_1,correlation,0.3177
spagcn,zenodo_spatial/visium/human_heart_myocardial_infarction_1,correlation,-0.1204
spagcn,zenodo_spatial/visium/human_heart_myocardial_infarction_2,correlation,-0.0591
spagcn,zenodo_spatial_slidetags/slidetags/human_cortex,correlation,0.0619
spagcn,zenodo_spatial_slidetags/slidetags/human_skin_melanoma,correlation,0.0096
spagcn,zenodo_spatial_slidetags/slidetags/human_tonsil,correlation,-0.1421
spagcn,zenodo_spatial_slidetags/slidetags/mouse_embryo,correlation,0.4811
spagft,tenx_visium/post_xenium/human_colon_cancer,correlation,0.6731
spagft,tenx_visium/post_xenium/mouse_brain,correlation,0.8968
spagft,tenx_visium/visium/human_brain_cancer,correlation,0.8358
spagft,tenx_visium/visium/human_breast_cancer_1,correlation,0.501
spagft,tenx_visium/visium/human_breast_cancer_2,correlation,0.6787
spagft,tenx_visium/visium/human_cerebellum,correlation,0.2937
spagft,tenx_visium/visium/human_cervical_cancer,correlation,0.4118
spagft,tenx_visium/visium/human_colorectal_cancer,correlation,0.6895
spagft,tenx_visium/visium/human_heart,correlation,0.3888
spagft,tenx_visium/visium/human_intestinal_cancer,correlation,0.8185
spagft,tenx_visium/visium/human_kidney,correlation,0.3853
spagft,tenx_visium/visium/human_lung_cancer,correlation,0.6385
spagft,tenx_visium/visium/human_lymph_node,correlation,0.6095
spagft,tenx_visium/visium/human_normal_prostate,correlation,0.7705
spagft,tenx_visium/visium/human_prostate_cancer,correlation,0.7903
spagft,tenx_visium/visium/human_skin_melanoma,correlation,0.8556
spagft,tenx_visium/visium/mouse_brain_coronal,correlation,0.8756
spagft,tenx_visium/visium/mouse_embryo,correlation,0.9286
spagft,tenx_visium/visium/mouse_kidney_v1,correlation,0.3255
spagft,tenx_visium/visium/mouse_olfactory_bulb,correlation,0.5646
spagft,zenodo_spatial/dbitseq/mouse_e10_brain,correlation,0.7611
spagft,zenodo_spatial/dbitseq/mouse_e10_eye,correlation,0.7017
spagft,zenodo_spatial/dbitseq/mouse_e10_whole_body,correlation,0.7442
spagft,zenodo_spatial/dbitseq/mouse_e11_1,correlation,0.5981
spagft,zenodo_spatial/dbitseq/mouse_e11_2,correlation,0.7074
spagft,zenodo_spatial/dbitseq/mouse_e11_lower_body,correlation,0.803
spagft,zenodo_spatial/merfish/human_cortex_1,correlation,0.6724
spagft,zenodo_spatial/merfish/human_cortex_2,correlation,0.655
spagft,zenodo_spatial/merfish/human_cortex_3,correlation,0.8619
spagft,zenodo_spatial/merfish/human_cortex_4,correlation,0.823
spagft,zenodo_spatial/merfish/mouse_cortex,correlation,0.6891
spagft,zenodo_spatial/seqfish/mouse_organogenesis_seqfish,correlation,0.909
spagft,zenodo_spatial/slideseqv2/mouse_cerebellum,correlation,0.861
spagft,zenodo_spatial/slideseqv2/mouse_cortex,correlation,0.7476
spagft,zenodo_spatial/slideseqv2/mouse_hippocampus_puck,correlation,0.82
spagft,zenodo_spatial/slideseqv2/mouse_olfactory_bulb_puck,correlation,0.8152
spagft,zenodo_spatial/slideseqv2/mouse_somatosensory_cortex_puck,correlation,0.8762
spagft,zenodo_spatial/starmap/mouse_brain_2d_zstep10_0,correlation,0.8069
spagft,zenodo_spatial/starmap/mouse_brain_2d_zstep15_0,correlation,0.6815
spagft,zenodo_spatial/stereoseq/drosophila_embryo_e10,correlation,0.7187
spagft,zenodo_spatial/stereoseq/drosophila_embryo_e5_6,correlation,0.8025
spagft,zenodo_spatial/stereoseq/drosophila_embryo_e6_3,correlation,0.7615
spagft,zenodo_spatial/stereoseq/drosophila_embryo_e7,correlation,0.7303
spagft,zenodo_spatial/stereoseq/drosophila_embryo_e9_1,correlation,0.7558
spagft,zenodo_spatial/visium/human_heart_myocardial_infarction_1,correlation,0.2189
spagft,zenodo_spatial/visium/human_heart_myocardial_infarction_2,correlation,0.7743
spagft,zenodo_spatial_slidetags/slidetags/human_cortex,correlation,0.6099
spagft,zenodo_spatial_slidetags/slidetags/human_skin_melanoma,correlation,0.3451
spagft,zenodo_spatial_slidetags/slidetags/human_tonsil,correlation,0.6937
spagft,zenodo_spatial_slidetags/slidetags/mouse_embryo,correlation,0.8644
spanve,tenx_visium/post_xenium/human_colon_cancer,correlation,0.9941
spanve,tenx_visium/post_xenium/mouse_brain,correlation,0.9775
spanve,tenx_visium/visium/human_brain_cancer,correlation,0.9939
spanve,tenx_visium/visium/human_breast_cancer_1,correlation,0.9522
spanve,tenx_visium/visium/human_breast_cancer_2,correlation,0.9307
spanve,tenx_visium/visium/human_cerebellum,correlation,0.951
spanve,tenx_visium/visium/human_cervical_cancer,correlation,0.9373
spanve,tenx_visium/visium/human_colorectal_cancer,correlation,0.932
spanve,tenx_visium/visium/human_heart,correlation,0.7543
spanve,tenx_visium/visium/human_intestinal_cancer,correlation,0.9091
spanve,tenx_visium/visium/human_kidney,correlation,0.983
spanve,tenx_visium/visium/human_lung_cancer,correlation,0.9423
spanve,tenx_visium/visium/human_lymph_node,correlation,0.9099
spanve,tenx_visium/visium/human_normal_prostate,correlation,0.8432
spanve,tenx_visium/visium/human_prostate_cancer,correlation,0.905
spanve,tenx_visium/visium/human_skin_melanoma,correlation,0.9771
spanve,tenx_visium/visium/mouse_brain_coronal,correlation,0.9349
spanve,tenx_visium/visium/mouse_embryo,correlation,0.867
spanve,tenx_visium/visium/mouse_kidney_v1,correlation,0.8288
spanve,tenx_visium/visium/mouse_olfactory_bulb,correlation,0.8718
spanve,zenodo_spatial/dbitseq/mouse_e10_brain,correlation,0.636
spanve,zenodo_spatial/dbitseq/mouse_e10_eye,correlation,0.7533
spanve,zenodo_spatial/dbitseq/mouse_e10_whole_body,correlation,0.6901
spanve,zenodo_spatial/dbitseq/mouse_e11_1,correlation,0.8181
spanve,zenodo_spatial/dbitseq/mouse_e11_2,correlation,0.7766
spanve,zenodo_spatial/dbitseq/mouse_e11_lower_body,correlation,0.8562
spanve,zenodo_spatial/merfish/human_cortex_1,correlation,0.4331
spanve,zenodo_spatial/merfish/human_cortex_2,correlation,0.309
spanve,zenodo_spatial/merfish/human_cortex_3,correlation,0.7316
spanve,zenodo_spatial/merfish/human_cortex_4,correlation,0.6202
spanve,zenodo_spatial/merfish/mouse_cortex,correlation,0.8811
spanve,zenodo_spatial/seqfish/mouse_organogenesis_seqfish,correlation,0.9718
spanve,zenodo_spatial/slideseqv2/mouse_cerebellum,correlation,0.9
spanve,zenodo_spatial/slideseqv2/mouse_cortex,correlation,0.9
spanve,zenodo_spatial/slideseqv2/mouse_hippocampus_puck,correlation,0.9124
spanve,zenodo_spatial/slideseqv2/mouse_olfactory_bulb_puck,correlation,0.8381
spanve,zenodo_spatial/slideseqv2/mouse_somatosensory_cortex_puck,correlation,0.8952
spanve,zenodo_spatial/starmap/mouse_brain_2d_zstep10_0,correlation,-0.365
spanve,zenodo_spatial/starmap/mouse_brain_2d_zstep15_0,correlation,-0.1295
spanve,zenodo_spatial/stereoseq/drosophila_embryo_e10,correlation,0.6779
spanve,zenodo_spatial/stereoseq/drosophila_embryo_e5_6,correlation,0.7128
spanve,zenodo_spatial/stereoseq/drosophila_embryo_e6_3,correlation,0.7069
spanve,zenodo_spatial/stereoseq/drosophila_embryo_e7,correlation,0.6815
spanve,zenodo_spatial/stereoseq/drosophila_embryo_e9_1,correlation,0.7072
spanve,zenodo_spatial/visium/human_heart_myocardial_infarction_1,correlation,0.9966
spanve,zenodo_spatial/visium/human_heart_myocardial_infarction_2,correlation,0.9608
spanve,zenodo_spatial_slidetags/slidetags/human_cortex,correlation,0.5229
spanve,zenodo_spatial_slidetags/slidetags/human_skin_melanoma,correlation,0.1851
spanve,zenodo_spatial_slidetags/slidetags/human_tonsil,correlation,0.9034
spanve,zenodo_spatial_slidetags/slidetags/mouse_embryo,correlation,0.8581
spark,tenx_visium/post_xenium/human_colon_cancer,correlation,-0.0597
spark,tenx_visium/post_xenium/mouse_brain,correlation,0.3535
spark,tenx_visium/visium/human_brain_cancer,correlation,
spark,tenx_visium/visium/human_breast_cancer_1,correlation,-0.15
spark,tenx_visium/visium/human_breast_cancer_2,correlation,0.386
spark,tenx_visium/visium/human_cerebellum,correlation,0.2561
spark,tenx_visium/visium/human_cervical_cancer,correlation,0.0106
spark,tenx_visium/visium/human_colorectal_cancer,correlation,0.2132
spark,tenx_visium/visium/human_heart,correlation,0.4176
spark,tenx_visium/visium/human_intestinal_cancer,correlation,0.4931
spark,tenx_visium/visium/human_kidney,correlation,0.1146
spark,tenx_visium/visium/human_lung_cancer,correlation,0.0977
spark,tenx_visium/visium/human_lymph_node,correlation,0.4346
spark,tenx_visium/visium/human_normal_prostate,correlation,0.6949
spark,tenx_visium/visium/human_prostate_cancer,correlation,0.4951
spark,tenx_visium/visium/human_skin_melanoma,correlation,-0.4546
spark,tenx_visium/visium/mouse_brain_coronal,correlation,0.4888
spark,tenx_visium/visium/mouse_embryo,correlation,-0.0431
spark,tenx_visium/visium/mouse_kidney_v1,correlation,0.4402
spark,tenx_visium/visium/mouse_olfactory_bulb,correlation,0.5105
spark,zenodo_spatial/dbitseq/mouse_e10_brain,correlation,0.7806
spark,zenodo_spatial/dbitseq/mouse_e10_eye,correlation,0.6279
spark,zenodo_spatial/dbitseq/mouse_e10_whole_body,correlation,0.7436
spark,zenodo_spatial/dbitseq/mouse_e11_1,correlation,0.533
spark,zenodo_spatial/dbitseq/mouse_e11_2,correlation,0.65
spark,zenodo_spatial/dbitseq/mouse_e11_lower_body,correlation,0.6747
spark,zenodo_spatial/merfish/human_cortex_1,correlation,0.5393
spark,zenodo_spatial/merfish/human_cortex_2,correlation,0.6132
spark,zenodo_spatial/merfish/human_cortex_3,correlation,0.7458
spark,zenodo_spatial/merfish/human_cortex_4,correlation,0.847
spark,zenodo_spatial/merfish/mouse_cortex,correlation,
spark,zenodo_spatial/seqfish/mouse_organogenesis_seqfish,correlation,
spark,zenodo_spatial/slideseqv2/mouse_cerebellum,correlation,
spark,zenodo_spatial/slideseqv2/mouse_cortex,correlation,
spark,zenodo_spatial/slideseqv2/mouse_hippocampus_puck,correlation,
spark,zenodo_spatial/slideseqv2/mouse_olfactory_bulb_puck,correlation,
spark,zenodo_spatial/slideseqv2/mouse_somatosensory_cortex_puck,correlation,
spark,zenodo_spatial/starmap/mouse_brain_2d_zstep10_0,correlation,0.659
spark,zenodo_spatial/starmap/mouse_brain_2d_zstep15_0,correlation,0.525
spark,zenodo_spatial/stereoseq/drosophila_embryo_e10,correlation,0.7403
spark,zenodo_spatial/stereoseq/drosophila_embryo_e5_6,correlation,0.7997
spark,zenodo_spatial/stereoseq/drosophila_embryo_e6_3,correlation,0.7713
spark,zenodo_spatial/stereoseq/drosophila_embryo_e7,correlation,0.7661
spark,zenodo_spatial/stereoseq/drosophila_embryo_e9_1,correlation,0.7359
spark,zenodo_spatial/visium/human_heart_myocardial_infarction_1,correlation,0.0558
spark,zenodo_spatial/visium/human_heart_myocardial_infarction_2,correlation,0.2882
spark,zenodo_spatial_slidetags/slidetags/human_cortex,correlation,0.3035
spark,zenodo_spatial_slidetags/slidetags/human_skin_melanoma,correlation,-0.3151
spark,zenodo_spatial_slidetags/slidetags/human_tonsil,correlation,0.1967
spark,zenodo_spatial_slidetags/slidetags/mouse_embryo,correlation,0.6763
spark_x,tenx_visium/post_xenium/human_colon_cancer,correlation,0.9569
spark_x,tenx_visium/post_xenium/mouse_brain,correlation,0.9327
spark_x,tenx_visium/visium/human_brain_cancer,correlation,0.9311
spark_x,tenx_visium/visium/human_breast_cancer_1,correlation,0.9604
spark_x,tenx_visium/visium/human_breast_cancer_2,correlation,0.9178
spark_x,tenx_visium/visium/human_cerebellum,correlation,0.8588
spark_x,tenx_visium/visium/human_cervical_cancer,correlation,0.9477
spark_x,tenx_visium/visium/human_colorectal_cancer,correlation,0.9131
spark_x,tenx_visium/visium/human_heart,correlation,0.7774
spark_x,tenx_visium/visium/human_intestinal_cancer,correlation,0.892
spark_x,tenx_visium/visium/human_kidney,correlation,0.9583
spark_x,tenx_visium/visium/human_lung_cancer,correlation,0.9297
spark_x,tenx_visium/visium/human_lymph_node,correlation,0.9575
spark_x,tenx_visium/visium/human_normal_prostate,correlation,0.8605
spark_x,tenx_visium/visium/human_prostate_cancer,correlation,0.8903
spark_x,tenx_visium/visium/human_skin_melanoma,correlation,0.9799
spark_x,tenx_visium/visium/mouse_brain_coronal,correlation,0.9057
spark_x,tenx_visium/visium/mouse_embryo,correlation,0.9665
spark_x,tenx_visium/visium/mouse_kidney_v1,correlation,0.9061
spark_x,tenx_visium/visium/mouse_olfactory_bulb,correlation,0.9479
spark_x,zenodo_spatial/dbitseq/mouse_e10_brain,correlation,0.7736
spark_x,zenodo_spatial/dbitseq/mouse_e10_eye,correlation,0.8522
spark_x,zenodo_spatial/dbitseq/mouse_e10_whole_body,correlation,0.8251
spark_x,zenodo_spatial/dbitseq/mouse_e11_1,correlation,0.8642
spark_x,zenodo_spatial/dbitseq/mouse_e11_2,correlation,0.8422
spark_x,zenodo_spatial/dbitseq/mouse_e11_lower_body,correlation,0.8624
spark_x,zenodo_spatial/merfish/human_cortex_1,correlation,0.8001
spark_x,zenodo_spatial/merfish/human_cortex_2,correlation,0.7977
spark_x,zenodo_spatial/merfish/human_cortex_3,correlation,0.9282
spark_x,zenodo_spatial/merfish/human_cortex_4,correlation,0.8778
spark_x,zenodo_spatial/merfish/mouse_cortex,correlation,0.8829
spark_x,zenodo_spatial/seqfish/mouse_organogenesis_seqfish,correlation,0.9043
spark_x,zenodo_spatial/slideseqv2/mouse_cerebellum,correlation,0.904
spark_x,zenodo_spatial/slideseqv2/mouse_cortex,correlation,0.9324
spark_x,zenodo_spatial/slideseqv2/mouse_hippocampus_puck,correlation,0.9257
spark_x,zenodo_spatial/slideseqv2/mouse_olfactory_bulb_puck,correlation,0.9162
spark_x,zenodo_spatial/slideseqv2/mouse_somatosensory_cortex_puck,correlation,0.932
spark_x,zenodo_spatial/starmap/mouse_brain_2d_zstep10_0,correlation,0.929
spark_x,zenodo_spatial/starmap/mouse_brain_2d_zstep15_0,correlation,0.9605
spark_x,zenodo_spatial/stereoseq/drosophila_embryo_e10,correlation,0.7693
spark_x,zenodo_spatial/stereoseq/drosophila_embryo_e5_6,correlation,0.8438
spark_x,zenodo_spatial/stereoseq/drosophila_embryo_e6_3,correlation,0.7925
spark_x,zenodo_spatial/stereoseq/drosophila_embryo_e7,correlation,0.7749
spark_x,zenodo_spatial/stereoseq/drosophila_embryo_e9_1,correlation,0.7775
spark_x,zenodo_spatial/visium/human_heart_myocardial_infarction_1,correlation,0.9796
spark_x,zenodo_spatial/visium/human_heart_myocardial_infarction_2,correlation,0.9395
spark_x,zenodo_spatial_slidetags/slidetags/human_cortex,correlation,0.8727
spark_x,zenodo_spatial_slidetags/slidetags/human_skin_melanoma,correlation,0.6982
spark_x,zenodo_spatial_slidetags/slidetags/human_tonsil,correlation,0.8757
spark_x,zenodo_spatial_slidetags/slidetags/mouse_embryo,correlation,0.8795
spatialde,tenx_visium/post_xenium/human_colon_cancer,correlation,0.6996
spatialde,tenx_visium/post_xenium/mouse_brain,correlation,0.9385
spatialde,tenx_visium/visium/human_brain_cancer,correlation,0.8922
spatialde,tenx_visium/visium/human_breast_cancer_1,correlation,0.4888
spatialde,tenx_visium/visium/human_breast_cancer_2,correlation,0.4568
spatialde,tenx_visium/visium/human_cerebellum,correlation,0.2549
spatialde,tenx_visium/visium/human_cervical_cancer,correlation,0.819
spatialde,tenx_visium/visium/human_colorectal_cancer,correlation,0.971
spatialde,tenx_visium/visium/human_heart,correlation,0.3888
spatialde,tenx_visium/visium/human_intestinal_cancer,correlation,0.7756
spatialde,tenx_visium/visium/human_kidney,correlation,0.3895
spatialde,tenx_visium/visium/human_lung_cancer,correlation,0.5259
spatialde,tenx_visium/visium/human_lymph_node,correlation,0.8215
spatialde,tenx_visium/visium/human_normal_prostate,correlation,0.7271
spatialde,tenx_visium/visium/human_prostate_cancer,correlation,0.6344
spatialde,tenx_visium/visium/human_skin_melanoma,correlation,0.6179
spatialde,tenx_visium/visium/mouse_brain_coronal,correlation,0.7328
spatialde,tenx_visium/visium/mouse_embryo,correlation,0.915
spatialde,tenx_visium/visium/mouse_kidney_v1,correlation,0.7785
spatialde,tenx_visium/visium/mouse_olfactory_bulb,correlation,0.5983
spatialde,zenodo_spatial/dbitseq/mouse_e10_brain,correlation,0.4791
spatialde,zenodo_spatial/dbitseq/mouse_e10_eye,correlation,0.6451
spatialde,zenodo_spatial/dbitseq/mouse_e10_whole_body,correlation,0.6286
spatialde,zenodo_spatial/dbitseq/mouse_e11_1,correlation,0.5165
spatialde,zenodo_spatial/dbitseq/mouse_e11_2,correlation,0.7282
spatialde,zenodo_spatial/dbitseq/mouse_e11_lower_body,correlation,0.8144
spatialde,zenodo_spatial/merfish/human_cortex_1,correlation,0.3338
spatialde,zenodo_spatial/merfish/human_cortex_2,correlation,0.2088
spatialde,zenodo_spatial/merfish/human_cortex_3,correlation,0.3688
spatialde,zenodo_spatial/merfish/human_cortex_4,correlation,0.442
spatialde,zenodo_spatial/merfish/mouse_cortex,correlation,0.8152
spatialde,zenodo_spatial/seqfish/mouse_organogenesis_seqfish,correlation,0.8971
spatialde,zenodo_spatial/slideseqv2/mouse_cerebellum,correlation,0.9171
spatialde,zenodo_spatial/slideseqv2/mouse_cortex,correlation,0.5773
spatialde,zenodo_spatial/slideseqv2/mouse_hippocampus_puck,correlation,0.9124
spatialde,zenodo_spatial/slideseqv2/mouse_olfactory_bulb_puck,correlation,0.7806
spatialde,zenodo_spatial/slideseqv2/mouse_somatosensory_cortex_puck,correlation,0.7752
spatialde,zenodo_spatial/starmap/mouse_brain_2d_zstep10_0,correlation,0.8088
spatialde,zenodo_spatial/starmap/mouse_brain_2d_zstep15_0,correlation,0.7947
spatialde,zenodo_spatial/stereoseq/drosophila_embryo_e10,correlation,0.5977
spatialde,zenodo_spatial/stereoseq/drosophila_embryo_e5_6,correlation,0.538
spatialde,zenodo_spatial/stereoseq/drosophila_embryo_e6_3,correlation,0.6295
spatialde,zenodo_spatial/stereoseq/drosophila_embryo_e7,correlation,0.572
spatialde,zenodo_spatial/stereoseq/drosophila_embryo_e9_1,correlation,0.5474
spatialde,zenodo_spatial/visium/human_heart_myocardial_infarction_1,correlation,0.1892
spatialde,zenodo_spatial/visium/human_heart_myocardial_infarction_2,correlation,0.7573
spatialde,zenodo_spatial_slidetags/slidetags/human_cortex,correlation,0.1352
spatialde,zenodo_spatial_slidetags/slidetags/human_skin_melanoma,correlation,0.0512
spatialde,zenodo_spatial_slidetags/slidetags/human_tonsil,correlation,0.1962
spatialde,zenodo_spatial_slidetags/slidetags/mouse_embryo,correlation,0.641
spatialde2,tenx_visium/post_xenium/human_colon_cancer,correlation,0.8038
spatialde2,tenx_visium/post_xenium/mouse_brain,correlation,0.9406
spatialde2,tenx_visium/visium/human_brain_cancer,correlation,0.8886
spatialde2,tenx_visium/visium/human_breast_cancer_1,correlation,0.3893
spatialde2,tenx_visium/visium/human_breast_cancer_2,correlation,0.5162
spatialde2,tenx_visium/visium/human_cerebellum,correlation,0.3067
spatialde2,tenx_visium/visium/human_cervical_cancer,correlation,0.7322
spatialde2,tenx_visium/visium/human_colorectal_cancer,correlation,0.9684
spatialde2,tenx_visium/visium/human_heart,correlation,0.4587
spatialde2,tenx_visium/visium/human_intestinal_cancer,correlation,0.7558
spatialde2,tenx_visium/visium/human_kidney,correlation,0.495
spatialde2,tenx_visium/visium/human_lung_cancer,correlation,0.5013
spatialde2,tenx_visium/visium/human_lymph_node,correlation,0.8474
spatialde2,tenx_visium/visium/human_normal_prostate,correlation,
spatialde2,tenx_visium/visium/human_prostate_cancer,correlation,0.675
spatialde2,tenx_visium/visium/human_skin_melanoma,correlation,0.4276
spatialde2,tenx_visium/visium/mouse_brain_coronal,correlation,0.8501
spatialde2,tenx_visium/visium/mouse_embryo,correlation,0.8636
spatialde2,tenx_visium/visium/mouse_kidney_v1,correlation,0.7377
spatialde2,tenx_visium/visium/mouse_olfactory_bulb,correlation,0.6046
spatialde2,zenodo_spatial/dbitseq/mouse_e10_brain,correlation,0.7617
spatialde2,zenodo_spatial/dbitseq/mouse_e10_eye,correlation,0.772
spatialde2,zenodo_spatial/dbitseq/mouse_e10_whole_body,correlation,0.7501
spatialde2,zenodo_spatial/dbitseq/mouse_e11_1,correlation,0.6771
spatialde2,zenodo_spatial/dbitseq/mouse_e11_2,correlation,0.8
spatialde2,zenodo_spatial/dbitseq/mouse_e11_lower_body,correlation,0.9
spatialde2,zenodo_spatial/merfish/human_cortex_1,correlation,0.6575
spatialde2,zenodo_spatial/merfish/human_cortex_2,correlation,0.5549
spatialde2,zenodo_spatial/merfish/human_cortex_3,correlation,0.6042
spatialde2,zenodo_spatial/merfish/human_cortex_4,correlation,0.8011
spatialde2,zenodo_spatial/merfish/mouse_cortex,correlation,0.8594
spatialde2,zenodo_spatial/seqfish/mouse_organogenesis_seqfish,correlation,0.9764
spatialde2,zenodo_spatial/slideseqv2/mouse_cerebellum,correlation,0.941
spatialde2,zenodo_spatial/slideseqv2/mouse_cortex,correlation,0.541
spatialde2,zenodo_spatial/slideseqv2/mouse_hippocampus_puck,correlation,0.8733
spatialde2,zenodo_spatial/slideseqv2/mouse_olfactory_bulb_puck,correlation,0.899
spatialde2,zenodo_spatial/slideseqv2/mouse_somatosensory_cortex_puck,correlation,0.66
spatialde2,zenodo_spatial/starmap/mouse_brain_2d_zstep10_0,correlation,0.8438
spatialde2,zenodo_spatial/starmap/mouse_brain_2d_zstep15_0,correlation,0.8385
spatialde2,zenodo_spatial/stereoseq/drosophila_embryo_e10,correlation,0.712
spatialde2,zenodo_spatial/stereoseq/drosophila_embryo_e5_6,correlation,0.7602
spatialde2,zenodo_spatial/stereoseq/drosophila_embryo_e6_3,correlation,0.7432
spatialde2,zenodo_spatial/stereoseq/drosophila_embryo_e7,correlation,0.711
spatialde2,zenodo_spatial/stereoseq/drosophila_embryo_e9_1,correlation,0.6649
spatialde2,zenodo_spatial/visium/human_heart_myocardial_infarction_1,correlation,0.0589
spatialde2,zenodo_spatial/visium/human_heart_myocardial_infarction_2,correlation,0.6821
spatialde2,zenodo_spatial_slidetags/slidetags/human_cortex,correlation,0.2598
spatialde2,zenodo_spatial_slidetags/slidetags/human_skin_melanoma,correlation,0.0968
spatialde2,zenodo_spatial_slidetags/slidetags/human_tonsil,correlation,0.157
spatialde2,zenodo_spatial_slidetags/slidetags/mouse_embryo,correlation,0.9141
