dataset,method,metric,score
immune_cell_hum,combat,ARI,0.5420392638653789
immune_cell_hum,combat,ARI,0.605786277914715
immune_cell_hum,combat,ASW,0.558271035552025
immune_cell_hum,combat,ASW,0.566927902400494
immune_cell_hum,combat,LISI,0.0773942640364669
immune_cell_hum,combat,LISI,0.110396954140436
immune_cell_hum,combat,kBET,0.036851629941075
immune_cell_hum,combat,kBET,0.058856687368505
immune_cell_hum,fastmnn,ARI,0.7318885967048541
immune_cell_hum,fastmnn,ARI,0.8011560663480909
immune_cell_hum,fastmnn,ASW,0.579036227840208
immune_cell_hum,fastmnn,ASW,0.597189156602027
immune_cell_hum,fastmnn,LISI,0.216571102183522
immune_cell_hum,fastmnn,LISI,0.254554067840577
immune_cell_hum,fastmnn,kBET,0.2474391835351805
immune_cell_hum,fastmnn,kBET,0.3602813519439513
immune_cell_hum,harmony,ARI,0.6399190071918089
immune_cell_hum,harmony,ARI,0.8189702779360992
immune_cell_hum,harmony,ASW,0.532149220008488
immune_cell_hum,harmony,ASW,0.571753425620639
immune_cell_hum,harmony,LISI,0.300485314702617
immune_cell_hum,harmony,LISI,0.340842927045308
immune_cell_hum,harmony,kBET,0.0980581515831697
immune_cell_hum,harmony,kBET,0.2348589205377838
immune_cell_hum,liger,ARI,0.566048164143429
immune_cell_hum,liger,ARI,0.652654154878457
immune_cell_hum,liger,ASW,0.5717867082971241
immune_cell_hum,liger,ASW,0.5731012104723979
immune_cell_hum,liger,LISI,0.341262009226254
immune_cell_hum,liger,LISI,0.3564486669814171
immune_cell_hum,liger,kBET,0.3944951552970529
immune_cell_hum,liger,kBET,0.4501659684394337
immune_cell_hum,scanorama,ARI,0.533577815179809
immune_cell_hum,scanorama,ARI,0.7958241005999829
immune_cell_hum,scanorama,ASW,0.558234495438224
immune_cell_hum,scanorama,ASW,0.579977275392846
immune_cell_hum,scanorama,LISI,0.165180195961867
immune_cell_hum,scanorama,LISI,0.1777107186835549
immune_cell_hum,scanorama,kBET,0.1666071805509633
immune_cell_hum,scanorama,kBET,0.1927558366970578
immune_cell_hum_mou,combat,ARI,0.387489031049635
immune_cell_hum_mou,combat,ARI,0.418517365569206
immune_cell_hum_mou,combat,ASW,0.470105698332191
immune_cell_hum_mou,combat,ASW,0.488563408143818
immune_cell_hum_mou,combat,LISI,0.0463784504388829
immune_cell_hum_mou,combat,LISI,0.067213261470044
immune_cell_hum_mou,combat,kBET,0.0250731806104285
immune_cell_hum_mou,combat,kBET,0.0331719011068791
immune_cell_hum_mou,fastmnn,ARI,0.460214504104787
immune_cell_hum_mou,fastmnn,ARI,0.538022264648625
immune_cell_hum_mou,fastmnn,ASW,0.510679040604577
immune_cell_hum_mou,fastmnn,ASW,0.524582739633978
immune_cell_hum_mou,fastmnn,LISI,0.058163661766542
immune_cell_hum_mou,fastmnn,LISI,0.065643318259564
immune_cell_hum_mou,fastmnn,kBET,0.0704185917907211
immune_cell_hum_mou,fastmnn,kBET,0.0989555403269082
immune_cell_hum_mou,harmony,ARI,0.31761627573293
immune_cell_hum_mou,harmony,ARI,0.34926733398382
immune_cell_hum_mou,harmony,ASW,0.342645838872038
immune_cell_hum_mou,harmony,ASW,0.439061315953012
immune_cell_hum_mou,harmony,LISI,0.049413884399484
immune_cell_hum_mou,harmony,LISI,0.083355073904982
immune_cell_hum_mou,harmony,kBET,0.0237186410377413
immune_cell_hum_mou,harmony,kBET,0.0435672993217201
immune_cell_hum_mou,liger,ARI,0.183351206057861
immune_cell_hum_mou,liger,ARI,0.236349464423488
immune_cell_hum_mou,liger,ASW,0.436245991604479
immune_cell_hum_mou,liger,ASW,0.4559782082686029
immune_cell_hum_mou,liger,LISI,0.1730733815160549
immune_cell_hum_mou,liger,LISI,0.195392912559742
immune_cell_hum_mou,liger,kBET,0.2619439983887823
immune_cell_hum_mou,liger,kBET,0.3278989215929529
immune_cell_hum_mou,scanorama,ARI,0.3899223116883879
immune_cell_hum_mou,scanorama,ARI,0.481436820569688
immune_cell_hum_mou,scanorama,ASW,0.479459011857287
immune_cell_hum_mou,scanorama,ASW,0.494705846101693
immune_cell_hum_mou,scanorama,LISI,0.048572765206692
immune_cell_hum_mou,scanorama,LISI,0.055571183508003
immune_cell_hum_mou,scanorama,kBET,0.0549030514984976
immune_cell_hum_mou,scanorama,kBET,0.0671322937843251
lung_atlas,combat,ARI,0.454545450893749
lung_atlas,combat,ARI,0.464139198952751
lung_atlas,combat,ASW,0.544207308441401
lung_atlas,combat,ASW,0.562239207327366
lung_atlas,combat,LISI,0.051612799576247
lung_atlas,combat,LISI,0.070931829026958
lung_atlas,combat,kBET,0.254478977772392
lung_atlas,combat,kBET,0.2690282190431205
lung_atlas,fastmnn,ARI,0.577469641437311
lung_atlas,fastmnn,ARI,0.597083431028741
lung_atlas,fastmnn,ASW,0.557683498897644
lung_atlas,fastmnn,ASW,0.595535483679455
lung_atlas,fastmnn,LISI,0.113251922407898
lung_atlas,fastmnn,LISI,0.132449173127776
lung_atlas,fastmnn,kBET,0.3522385901579643
lung_atlas,fastmnn,kBET,0.3940616951574525
lung_atlas,harmony,ARI,0.47644225550159
lung_atlas,harmony,ARI,0.511048738231115
lung_atlas,harmony,ASW,0.492174509803301
lung_atlas,harmony,ASW,0.5702343386042409
lung_atlas,harmony,LISI,0.107347890922398
lung_atlas,harmony,LISI,0.186526198471632
lung_atlas,harmony,kBET,0.3229263780646148
lung_atlas,harmony,kBET,0.4693475563154255
lung_atlas,liger,ARI,0.029786593041407
lung_atlas,liger,ARI,0.06644499196635
lung_atlas,liger,ASW,0.350451849900114
lung_atlas,liger,ASW,0.412978148639316
lung_atlas,liger,LISI,0.253358148025058
lung_atlas,liger,LISI,0.259514629830709
lung_atlas,liger,kBET,0.2592823531427037
lung_atlas,liger,kBET,0.3506017531183085
lung_atlas,scanorama,ARI,0.473307413492698
lung_atlas,scanorama,ARI,0.491421370284185
lung_atlas,scanorama,ASW,0.513535043910504
lung_atlas,scanorama,ASW,0.563647790051582
lung_atlas,scanorama,LISI,0.0675176722206459
lung_atlas,scanorama,LISI,0.0856081223267949
lung_atlas,scanorama,kBET,0.2752865789832631
lung_atlas,scanorama,kBET,0.2838582453734292
mouse_brain,combat,ARI,0.2478709729364075
mouse_brain,combat,ASW,0.6682401299476624
mouse_brain,combat,LISI,2.220446049250313e-16
mouse_brain,fastmnn,ARI,0.0773118059849362
mouse_brain,fastmnn,ASW,0.5961682601475162
mouse_brain,fastmnn,LISI,0.0203192306797022
mouse_brain,harmony,ARI,0.2276911539236311
mouse_brain,harmony,ARI,0.2641604342571205
mouse_brain,harmony,ASW,0.6929187566564273
mouse_brain,harmony,ASW,0.7249517421540012
mouse_brain,harmony,LISI,0.0009101744994488
mouse_brain,harmony,LISI,7.401486830834377e-17
mouse_brain,liger,ARI,0.3748290264098703
mouse_brain,liger,ASW,0.6630117544677016
mouse_brain,liger,LISI,0.1965361860264881
mouse_brain,scanorama,ARI,0.2102619828397259
mouse_brain,scanorama,ARI,0.2586054495351784
mouse_brain,scanorama,ASW,0.5839492310848786
mouse_brain,scanorama,ASW,0.5907923177505863
mouse_brain,scanorama,LISI,0.0075901598859395
mouse_brain,scanorama,LISI,7.401486830834377e-17
pancreas,combat,ARI,0.840503094839173
pancreas,combat,ARI,0.94198165365471
pancreas,combat,ASW,0.551657270640135
pancreas,combat,ASW,0.598991438746452
pancreas,combat,LISI,0.0777312237343109
pancreas,combat,LISI,0.10840353385013
pancreas,combat,kBET,0.1453703676782958
pancreas,combat,kBET,0.288896732617294
pancreas,fastmnn,ARI,0.888128110467543
pancreas,fastmnn,ARI,0.9547840898924108
pancreas,fastmnn,ASW,0.5686537902181529
pancreas,fastmnn,ASW,0.640964698087128
pancreas,fastmnn,LISI,0.157685633682709
pancreas,fastmnn,LISI,0.291011966673681
pancreas,fastmnn,kBET,0.3893042037883496
pancreas,fastmnn,kBET,0.4518814700998088
pancreas,harmony,ARI,0.867218863924647
pancreas,harmony,ARI,0.935853543835842
pancreas,harmony,ASW,0.582006616845509
pancreas,harmony,ASW,0.66135630363234
pancreas,harmony,LISI,0.298450335252708
pancreas,harmony,LISI,0.367036082891136
pancreas,harmony,kBET,0.3888232206730767
pancreas,harmony,kBET,0.599661412476097
pancreas,liger,ARI,0.340514966092224
pancreas,liger,ARI,0.348859653248523
pancreas,liger,ASW,0.48933357718846
pancreas,liger,ASW,0.5164459633349789
pancreas,liger,LISI,0.423875104645788
pancreas,liger,LISI,0.440112154521447
pancreas,liger,kBET,0.1813302879737361
pancreas,liger,kBET,0.2119299472072714
pancreas,scanorama,ARI,0.596705366056932
pancreas,scanorama,ARI,0.954017004862837
pancreas,scanorama,ASW,0.558105724960252
pancreas,scanorama,ASW,0.6090870733772161
pancreas,scanorama,LISI,0.08280796471408
pancreas,scanorama,LISI,0.1739455757919369
pancreas,scanorama,kBET,0.202691538088101
pancreas,scanorama,kBET,0.3052967857470068
